{"d": 6, "n": 1, "ase_b": 0.052441210103287866, "ase_s": [[0.619044675400688, 0.017011743869870553], [0.6186576255343753, 0.007733051726256552], [0.6191291590154862, 0.003055873203302399], [0.6190379529763892, 0.0012149034599909256]]}