{"d": 8, "n": 1, "ase_b": 0.031248313466960713, "ase_s": [0.012227281404777707, 0.0058779792227277245, 0.002978396734627961, 0.0017921215104559417, 0.0008996986645512431, 0.00038678483257519833]}