{"d": 4, "n": 1, "ase_b": 0.06997883892466508, "ase_s": [0.021701062083284716, 0.007588299309657422]}