{"d": 5, "n": 1, "ase_b": 0.05358029249415712, "ase_s": [0.015876552311725155, 0.005729826466825231, 0.0019018537973455563]}