{"d": 6, "n": 1, "ase_b": 0.04617400872035444, "ase_s": [0.015468228792980966, 0.006855517956934343, 0.003088285622509411, 0.0013049617231055339]}