{"d": 5, "n": 1, "ase_b": 0.047844008232377735, "ase_s": [[0.5716892557271137, 0.015230317582372966], [0.5712449276969259, 0.005819597742934001], [0.5713780450343877, 0.0018946940261900292]]}