{"d": 6, "n": 1, "ase_b": 0.050234684633020804, "ase_s": [[0.6190589368832626, 0.01631976722399113], [0.6191816208427484, 0.006645775748008639], [0.6190869727900451, 0.003082924697887599], [0.6190912477582341, 0.00120448202333265]]}