{"d": 7, "n": 1, "ase_b": 0.03429510886737362, "ase_s": [0.012489298592750279, 0.005472263514890581, 0.00249990309977654, 0.001167435153896661, 0.00041323020860716794]}