{"d": 3, "n": 1, "ase_b": 0.08272289194378876, "ase_s": [0.020977954529390427]}