{"d": 4, "n": 1, "ase_b": 0.06578933929255149, "ase_s": [[0.48556204881161125, 0.02067754690352096], [0.4853011723703203, 0.008598449189105123]]}