{"M_step": 50, "M_max": 1000, "d_b_range": [3, 4, 5, 6, 7, 8, 9, 10, 11, 12, 13, 14, 15, 16], "data": [[0.004865980232804497, 0.00042176927290474216, 7.321349580445499e-07, 1.1414678324054855e-07, 9.5511459602329e-06, 2.359678215394858e-05, 4.6488468688655484e-07, 2.7903927185671526e-05, 1.0300749699281067e-06, 2.7938533601917516e-06, 1.6817944679315424e-06, 3.1801410391188584e-06, 4.168203588008983e-06, 2.6401320688531695e-06, 4.4632595106948524e-06, 1.0510357265701019e-07, 4.1505856696033095e-06, 3.014522029470619e-05, 5.491240464903394e-06, 3.7578737636001295e-07, 1.619051284977338e-05], [0.003986084385351888, 2.052050734050671e-05, 4.242118864935172e-06, 1.3517719179018423e-05, 6.669670935800784e-05, 2.892613686532387e-05, 3.20546846260293e-06, 1.874966217039121e-06, 1.817948652496426e-05, 2.6747898660479765e-06, 1.151038285298633e-05, 1.4806791307506583e-06, 5.7053761873194284e-08, 5.1597343495682445e-08, 2.6948846204441445e-05, 3.0538879358602933e-06, 3.676641485672032e-06, 2.972407608584111e-07, 5.051712896029893e-07, 2.8744349629950663e-06, 7.344785793867229e-06], [2.904720961095864e-06, 6.617021659462118e-05, 8.010565187974287e-06, 6.289224054688423e-05, 2.1033867330072654e-05, 2.009407355090155e-06, 1.1049407066827715e-05, 1.2734163207538958e-06, 8.847894901000366e-06, 1.2454755075649758e-06, 1.8312278113997347e-06, 2.453044268684953e-05, 2.813001294653018e-09, 1.899635014174195e-07, 1.529219917399973e-07, 5.114350072734364e-07, 2.7322566391843906e-06, 8.779689912142837e-06, 3.107469856861675e-06, 2.1442499666898977e-06, 1.0426374470938775e-05], [0.0001601546884300039, 2.621019368592638e-06, 4.822048864282104e-09, 1.561681188410223e-05, 8.602076840969473e-06, 7.846617626313935e-07, 1.209498682025412e-05, 9.997213122103396e-07, 9.482264388886459e-08, 9.53651531831663e-06, 5.16838244812572e-10, 1.007301766199129e-06, 4.909864300380271e-06, 5.033374386002189e-07, 1.2234712628590385e-06, 7.812993183627231e-07, 1.5327687327291686e-06, 1.0363715652876068e-05, 7.227613782869545e-06, 1.3941874892137443e-06, 3.063601095509815e-07], [0.00016086170066424585, 9.380020571737342e-05, 1.0477019386796903e-06, 8.51080031528068e-06, 3.565091479552145e-06, 1.3012122419533787e-06, 1.5418029261171995e-06, 2.780076090099075e-07, 7.989310248487395e-06, 6.312672156612854e-07, 1.2545023028630316e-07, 2.414461269435041e-07, 7.104381671955226e-06, 4.8687280341815474e-06, 8.364949870720262e-06, 3.913973282526711e-06, 3.0426619505073443e-10, 2.660590010374972e-07, 1.4902705910938422e-06, 3.0813474813046445e-06, 1.0733341695325932e-08], [0.0003002710315632831, 1.5223575754542056e-05, 2.727978122174622e-07, 4.594138399298731e-06, 4.971870860396134e-10, 6.33688996233619e-07, 1.0901199238812924e-06, 1.6981026953570523e-07, 9.821027623339772e-09, 1.1845738950177335e-07, 2.1480091687924186e-06, 7.788206680774649e-07, 4.1113213979209005e-06, 1.730125377886702e-07, 4.694925117974823e-09, 6.678991003850853e-07, 9.582438215747697e-07, 1.579824444862422e-07, 2.610653671597125e-06, 1.6410563671355835e-07, 8.527456159015329e-08], [1.2659934251740772e-05, 2.6505547864892814e-05, 3.067063943813832e-05, 8.72767646325785e-07, 6.668081481101814e-07, 8.26760718691477e-06, 3.250187197309934e-06, 3.436480280384837e-06, 1.2673485725717762e-06, 1.3244266650951701e-06, 3.142346670611454e-08, 3.181630671312739e-08, 2.140386377107178e-07, 5.5972180635188165e-06, 5.663759336668666e-07, 3.4535467756836926e-08, 1.4672701539033426e-07, 1.098941499108146e-07, 3.133578675762474e-06, 1.2229478477517343e-07, 6.318163012972589e-07], [1.987841515500371e-05, 2.4847744914723065e-07, 1.5743790189131526e-05, 2.1942466949467787e-07, 2.31313772369966e-06, 2.8460542311740423e-08, 1.8882522703690337e-07, 3.2058958120940572e-06, 3.7732635931399264e-06, 1.2799271037566888e-06, 5.215961959099945e-10, 2.0977260042291536e-07, 7.116044294976458e-07, 1.6471535849800808e-07, 3.2604840891028065e-08, 1.169153597453574e-06, 1.3385732508977622e-07, 2.0344946024898114e-07, 2.2796161255024931e-07, 1.7138470845544798e-08, 4.561366306236393e-06], [0.000714143149047609, 5.102164663460066e-06, 7.458269003120568e-06, 2.04089029585972e-08, 2.700067611172892e-06, 2.3154203483630947e-06, 5.25178144895729e-07, 4.5687846016332905e-07, 5.857532910965857e-07, 5.4218977320134865e-08, 1.4422767659842155e-06, 6.988367015833684e-09, 1.2799102518536051e-06, 5.630330977165953e-07, 1.202967131420294e-07, 3.770487432884151e-08, 5.035264698152955e-08, 2.098645734477235e-07, 5.169849949522901e-07, 3.872710629928687e-09, 6.171434092839648e-07], [0.0003496065411716716, 3.012987205394747e-06, 8.974870024771698e-07, 1.0677969137003695e-06, 4.0325901279340246e-07, 2.2162685937146621e-07, 4.201458512806599e-08, 1.4982956679614863e-07, 6.733427015013936e-08, 6.355198483508604e-08, 2.1856567421170806e-07, 1.9677014748265044e-08, 1.0561749515054049e-06, 5.421147913339745e-07, 1.0864538956020046e-06, 3.480993094746682e-07, 3.56682539961073e-08, 7.220827799650317e-07, 3.9761361336237875e-07, 7.98141939941872e-08, 2.65197639791988e-08], [0.00020924806997697301, 1.3087828432477888e-05, 3.1319967128511588e-09, 6.694309837974042e-07, 6.648914870136226e-07, 3.1942239988585725e-10, 1.0315604544170087e-07, 2.534990870307267e-07, 4.579706636788317e-07, 3.711840289273855e-07, 1.3374236614354666e-07, 1.6875641795811217e-07, 1.5852517748522982e-07, 3.691613612676749e-07, 6.584466428439314e-09, 3.3797440295404e-07, 1.7627515932340311e-06, 2.3126446878267478e-07, 3.7353922959484783e-10, 6.69037743197736e-08, 4.2181279698827905e-07], [9.635191130665296e-06, 9.080248728913127e-07, 2.956332040485159e-07, 1.2585381772618017e-07, 1.151954404345344e-08, 2.331095853105669e-06, 2.5935876294809567e-06, 2.889756431066433e-07, 3.4655872641919834e-09, 6.379695825874902e-08, 1.2311032239638775e-07, 4.973214275890355e-08, 5.557476996225439e-07, 1.9259021778073414e-09, 2.0179990938927306e-07, 1.264783147627301e-06, 7.217510284961109e-07, 8.931675359010836e-07, 6.425203197286043e-10, 2.8443405232407072e-08, 2.1199345258163834e-07], [2.071824126649869e-05, 5.649771317345563e-06, 3.825317945634262e-07, 3.2204032712075446e-07, 1.7701498330193375e-07, 1.2485780107100236e-07, 3.918273657667992e-07, 1.097052734450999e-07, 2.077327246504098e-09, 3.496908950081157e-07, 3.439466838956864e-07, 2.0820539100922606e-07, 9.765378133936118e-09, 6.822989329249822e-08, 1.662283177313298e-10, 6.162441054364974e-10, 1.3842145062014343e-08, 1.1560788873904834e-09, 3.0601640788384847e-07, 3.155295263729617e-07, 1.0569545213286288e-08], [8.907258112876775e-05, 2.356769967531216e-06, 1.338382277387116e-06, 2.078508009439326e-06, 8.919597352041475e-08, 1.3613790763569076e-06, 2.7765776322459703e-07, 8.775808910454286e-07, 1.77022629768845e-07, 3.0641844053327224e-09, 5.769770147456195e-09, 8.141651979013091e-07, 9.11939182076845e-09, 6.834174838344564e-08, 1.1627687600809875e-07, 1.692826611111838e-07, 1.183586058880842e-08, 9.811383424994647e-08, 3.936397358665709e-08, 2.1225410409833708e-07, 1.721858409819319e-07]]}