{"runs": [[0.5, 4], [1, 4], [0.5, 6]], "results": [[0.37777777777777, 0], [0.8518295221904267, 0.0011948374021526883], [0.7504102117935021, 0.0022850765540672786]]}