{"M_step": 50, "M_max": 500, "R": 20, "d_b_range": [3, 4, 5, 6, 7, 8, 9, 10, 11, 12, 13, 14, 15, 16], "data": [[0.00036621365858793993, 8.235878169088638e-08, 3.2539300370942886e-06, 2.2023828675918406e-06, 3.833780979395761e-06, 3.972125764597823e-06, 1.1045931385893963e-06, 2.765444995760474e-07, 3.0020964163677304e-07, 9.412879373075233e-07], [2.777502355608391e-06, 1.0402252006639387e-05, 3.716718871231118e-07, 7.601635008684562e-06, 1.7477793335577925e-07, 2.1337525546479807e-07, 4.1052865018370084e-07, 5.640122613353315e-07, 1.4493522523774454e-08, 1.1991163290149027e-07], [0.0007368961338915837, 1.3492722921610155e-06, 7.75249368147697e-07, 1.3123720122509367e-07, 1.0563280972266643e-08, 4.158004206910572e-07, 1.1712583351311588e-10, 1.1841726499570015e-07, 5.632753018447617e-08, 4.6969481397995754e-08], [0.00045479377865406434, 1.713365461480151e-08, 1.579501145175873e-06, 3.5700718444516345e-07, 4.4519047609283747e-07, 5.023752234939706e-07, 6.01781417948381e-08, 2.2919228707016573e-08, 3.2747258625863475e-07, 7.31579703527279e-08], [5.528640381260938e-05, 4.4546487046403123e-07, 1.0622353257026424e-07, 2.469084355032108e-07, 3.6123357195007455e-07, 1.0741797626608884e-08, 2.935042188305094e-08, 1.7556119327824215e-07, 3.0188786162306974e-07, 8.394239173789483e-08], [2.3548283743625675e-06, 1.2286743910245506e-06, 7.304053316886513e-07, 1.0610475588188472e-07, 1.9698634415536328e-10, 1.9545048993900445e-06, 1.464551802819384e-07, 3.747500104962822e-09, 3.8471570078713757e-08, 1.1758830891767238e-07], [0.00013065530655518594, 1.2647144773560486e-06, 7.682103101249974e-07, 8.593511148317898e-09, 1.692341856765304e-08, 9.923414461916487e-08, 1.2574457726054263e-08, 2.160178950895976e-07, 1.5867008803125428e-07, 2.8195509035072708e-08], [9.662482461026042e-06, 3.228394975481874e-07, 5.3587394198239116e-08, 3.2260323145839604e-08, 3.922867535828033e-07, 6.026000978678695e-08, 7.026569730130969e-09, 7.363946969306173e-09, 1.3358939859138753e-08, 1.7295319468523723e-09], [5.709311786252302e-05, 8.140067443908349e-07, 3.7103655505010493e-07, 1.2418509484053622e-07, 5.024745434489901e-08, 6.960667305833164e-08, 1.8857899041050228e-08, 6.242957697715488e-09, 4.06735878565931e-08, 8.006571552112373e-09], [5.1390057253007295e-06, 2.806754533035407e-07, 2.741007781473676e-07, 1.146648238226669e-08, 1.1110912382371919e-07, 4.755539895314158e-08, 1.2559937110824986e-10, 1.0624413454545864e-08, 1.0163817715115373e-08, 3.196113677119346e-09], [2.529850963240621e-06, 2.3072628159328468e-07, 8.675584252660783e-10, 4.3089548351982486e-07, 3.833699722730525e-08, 2.063602090573722e-08, 3.066866916716602e-09, 3.293920729527522e-08, 4.934427626208731e-08, 2.284147273321799e-08], [1.2262737413133523e-05, 4.814345657780166e-09, 1.3538965674575464e-07, 8.683618924842503e-08, 6.819420441363711e-10, 1.2173250828016746e-07, 3.338671850410179e-08, 2.046547530475544e-08, 6.129331800586864e-08, 1.758303390080306e-08], [9.991507822483437e-09, 4.347018689437718e-08, 9.743261043718356e-08, 2.766515614549121e-08, 1.6801358284036056e-07, 3.241577095731248e-08, 1.0342233157245973e-08, 1.807932274170285e-08, 6.12839431808973e-08, 2.1688227895061893e-10], [1.1450929115211955e-05, 1.7400542018020766e-09, 1.229180288654035e-07, 2.6265895691938877e-08, 6.903445262841435e-08, 3.3137623973792564e-08, 6.600152553702682e-09, 2.9333320727001395e-08, 1.5820104291389706e-09, 3.056490268056752e-08]]}