{"j_range": [0.5, 1.0, 1.5, 2.0, 2.5], "sep_avg_magic": [0.19999999999999996, 0.3999999999999999, 0.5999999999999999, 0.7999999999999998, 0.9999999999999998], "sym_qubit_avg_magic": [0.19999999999999996, 0.40000000000000024, 0.6063492063492063, 0.7484126984126986, 0.8419047619047619]}